epigramme_source,rang,epigramme_proche,similarite,texte_source,texte_proche
0,1,1,0.8766,"Tu voulais, Héraclide, laisser aux hommes le bruit que tu avais été, une fois mort, changé aux yeux de tous en serpent. Mais tu fus trompé dans tes calculs sophistiques : la bête, en effet, appartenait bien au genre serpent ; toi, tu fus convaicu d'être bête, mais pas du genre sage.","« Tu as vécu en chien, Antisthène. - C'est que j'étais né pour déchirer le cœur avec des mots et non avec des crocs. - Mais tu es mort en chien que tu étais né, dira sans doute quelqu'un. - Eh quoi ! il fait bien qu'il y en ait pour servir de guide chez Hadès. »"
0,2,14,0.8651,"Tu voulais, Héraclide, laisser aux hommes le bruit que tu avais été, une fois mort, changé aux yeux de tous en serpent. Mais tu fus trompé dans tes calculs sophistiques : la bête, en effet, appartenait bien au genre serpent ; toi, tu fus convaicu d'être bête, mais pas du genre sage.","Les flots et les vagues houleuses m'ont jeté sur le rivage, moi dauphin, et je fus pour les passants une étrange vision d'infortune. Mais sur la terre il y a place pour la pitié ; car ceux qui m'avaient vu m'ont aussitôt, dans leur piété, honoré d'un tombeau. C'est celle qui m'a enfanté, la mer, qui m'a fait périr. Quelle confiance avoir dans l'Océan, qui n'a même pas épargné son propre nourrisson ?"
0,3,13,0.8604,"Tu voulais, Héraclide, laisser aux hommes le bruit que tu avais été, une fois mort, changé aux yeux de tous en serpent. Mais tu fus trompé dans tes calculs sophistiques : la bête, en effet, appartenait bien au genre serpent ; toi, tu fus convaicu d'être bête, mais pas du genre sage.","Tu ne vas plus t'élancer à travers les profondeurs bouillonnantes de la mer, ô dauphin, et effrayer les troupeaux marins ni danser au chant de la flûte percée de trous, en faisant jaillir l'eau autour des barques ni, tout écumant, prendre sur ton dos comme autrefois les Néréides, pour les porter jusqu'aux bornes de l'empire de Téthys. Car une vague, pareille au promontoire Malée, s'est soulevée et t'a jeté sur les sables et les cailloux du rivage."
0,4,9,0.8539,"Tu voulais, Héraclide, laisser aux hommes le bruit que tu avais été, une fois mort, changé aux yeux de tous en serpent. Mais tu fus trompé dans tes calculs sophistiques : la bête, en effet, appartenait bien au genre serpent ; toi, tu fus convaicu d'être bête, mais pas du genre sage.","Moi qui jadis, en renvoyant le sons, répondais souvent aux pâtres, aux bûcherons et aux pêcheurs, moi, la pie, qui souvent jetais mes cris répétés, comme un écho, accents trompeurs d'une voix apte à répondre aux chants, maintenant tombée à terre. Je gis sans langue et sans voix, déchue de mon besoin d'imitation."
0,5,5,0.8492,"Tu voulais, Héraclide, laisser aux hommes le bruit que tu avais été, une fois mort, changé aux yeux de tous en serpent. Mais tu fus trompé dans tes calculs sophistiques : la bête, en effet, appartenait bien au genre serpent ; toi, tu fus convaicu d'être bête, mais pas du genre sage.","Moi, Alcimènés, jadis j'écartais l'etourneau et la voleuse de semences, la grue de Bistonie au vol élevé, en tendant les bras agiles de ma fronde, et je repoussais au loin la nuée des oiseaux. Mais en me piquant près de la cheville, une vipère dipsas a versé dans ma chair le venin amer de ses mâchoires, me privant de la vue du soleil. Voilà comment en regardant ce qui ce passait en l'air, je n'ai pas vu le mal qui rampait à mes pieds."
1,1,2,0.9083,"« Tu as vécu en chien, Antisthène. - C'est que j'étais né pour déchirer le cœur avec des mots et non avec des crocs. - Mais tu es mort en chien que tu étais né, dira sans doute quelqu'un. - Eh quoi ! il fait bien qu'il y en ait pour servir de guide chez Hadès. »","« Diogène, allons, dis-moi quel destin t'a ravi? - C'est la morsure féroce du Chien, qui m'a ravi chez Hadès. »"
1,2,3,0.8868,"« Tu as vécu en chien, Antisthène. - C'est que j'étais né pour déchirer le cœur avec des mots et non avec des crocs. - Mais tu es mort en chien que tu étais né, dira sans doute quelqu'un. - Eh quoi ! il fait bien qu'il y en ait pour servir de guide chez Hadès. »","On dit qu'un jour il passait devant un jeune chien qu'on frappait, il en eut compassion et prononça ces paroles : « Arrête et ne frappe plus, car sûrement c'est l'âme d'un ami, que j'ai reconnue en l'entendant crier. »"
1,3,0,0.8766,"« Tu as vécu en chien, Antisthène. - C'est que j'étais né pour déchirer le cœur avec des mots et non avec des crocs. - Mais tu es mort en chien que tu étais né, dira sans doute quelqu'un. - Eh quoi ! il fait bien qu'il y en ait pour servir de guide chez Hadès. »","Tu voulais, Héraclide, laisser aux hommes le bruit que tu avais été, une fois mort, changé aux yeux de tous en serpent. Mais tu fus trompé dans tes calculs sophistiques : la bête, en effet, appartenait bien au genre serpent ; toi, tu fus convaicu d'être bête, mais pas du genre sage."
1,4,14,0.8737,"« Tu as vécu en chien, Antisthène. - C'est que j'étais né pour déchirer le cœur avec des mots et non avec des crocs. - Mais tu es mort en chien que tu étais né, dira sans doute quelqu'un. - Eh quoi ! il fait bien qu'il y en ait pour servir de guide chez Hadès. »","Les flots et les vagues houleuses m'ont jeté sur le rivage, moi dauphin, et je fus pour les passants une étrange vision d'infortune. Mais sur la terre il y a place pour la pitié ; car ceux qui m'avaient vu m'ont aussitôt, dans leur piété, honoré d'un tombeau. C'est celle qui m'a enfanté, la mer, qui m'a fait périr. Quelle confiance avoir dans l'Océan, qui n'a même pas épargné son propre nourrisson ?"
1,5,5,0.8708,"« Tu as vécu en chien, Antisthène. - C'est que j'étais né pour déchirer le cœur avec des mots et non avec des crocs. - Mais tu es mort en chien que tu étais né, dira sans doute quelqu'un. - Eh quoi ! il fait bien qu'il y en ait pour servir de guide chez Hadès. »","Moi, Alcimènés, jadis j'écartais l'etourneau et la voleuse de semences, la grue de Bistonie au vol élevé, en tendant les bras agiles de ma fronde, et je repoussais au loin la nuée des oiseaux. Mais en me piquant près de la cheville, une vipère dipsas a versé dans ma chair le venin amer de ses mâchoires, me privant de la vue du soleil. Voilà comment en regardant ce qui ce passait en l'air, je n'ai pas vu le mal qui rampait à mes pieds."
2,1,1,0.9083,"« Diogène, allons, dis-moi quel destin t'a ravi? - C'est la morsure féroce du Chien, qui m'a ravi chez Hadès. »","« Tu as vécu en chien, Antisthène. - C'est que j'étais né pour déchirer le cœur avec des mots et non avec des crocs. - Mais tu es mort en chien que tu étais né, dira sans doute quelqu'un. - Eh quoi ! il fait bien qu'il y en ait pour servir de guide chez Hadès. »"
2,2,5,0.8683,"« Diogène, allons, dis-moi quel destin t'a ravi? - C'est la morsure féroce du Chien, qui m'a ravi chez Hadès. »","Moi, Alcimènés, jadis j'écartais l'etourneau et la voleuse de semences, la grue de Bistonie au vol élevé, en tendant les bras agiles de ma fronde, et je repoussais au loin la nuée des oiseaux. Mais en me piquant près de la cheville, une vipère dipsas a versé dans ma chair le venin amer de ses mâchoires, me privant de la vue du soleil. Voilà comment en regardant ce qui ce passait en l'air, je n'ai pas vu le mal qui rampait à mes pieds."
2,3,3,0.8677,"« Diogène, allons, dis-moi quel destin t'a ravi? - C'est la morsure féroce du Chien, qui m'a ravi chez Hadès. »","On dit qu'un jour il passait devant un jeune chien qu'on frappait, il en eut compassion et prononça ces paroles : « Arrête et ne frappe plus, car sûrement c'est l'âme d'un ami, que j'ai reconnue en l'entendant crier. »"
2,4,14,0.8655,"« Diogène, allons, dis-moi quel destin t'a ravi? - C'est la morsure féroce du Chien, qui m'a ravi chez Hadès. »","Les flots et les vagues houleuses m'ont jeté sur le rivage, moi dauphin, et je fus pour les passants une étrange vision d'infortune. Mais sur la terre il y a place pour la pitié ; car ceux qui m'avaient vu m'ont aussitôt, dans leur piété, honoré d'un tombeau. C'est celle qui m'a enfanté, la mer, qui m'a fait périr. Quelle confiance avoir dans l'Océan, qui n'a même pas épargné son propre nourrisson ?"
2,5,13,0.8548,"« Diogène, allons, dis-moi quel destin t'a ravi? - C'est la morsure féroce du Chien, qui m'a ravi chez Hadès. »","Tu ne vas plus t'élancer à travers les profondeurs bouillonnantes de la mer, ô dauphin, et effrayer les troupeaux marins ni danser au chant de la flûte percée de trous, en faisant jaillir l'eau autour des barques ni, tout écumant, prendre sur ton dos comme autrefois les Néréides, pour les porter jusqu'aux bornes de l'empire de Téthys. Car une vague, pareille au promontoire Malée, s'est soulevée et t'a jeté sur les sables et les cailloux du rivage."
3,1,1,0.8868,"On dit qu'un jour il passait devant un jeune chien qu'on frappait, il en eut compassion et prononça ces paroles : « Arrête et ne frappe plus, car sûrement c'est l'âme d'un ami, que j'ai reconnue en l'entendant crier. »","« Tu as vécu en chien, Antisthène. - C'est que j'étais né pour déchirer le cœur avec des mots et non avec des crocs. - Mais tu es mort en chien que tu étais né, dira sans doute quelqu'un. - Eh quoi ! il fait bien qu'il y en ait pour servir de guide chez Hadès. »"
3,2,2,0.8677,"On dit qu'un jour il passait devant un jeune chien qu'on frappait, il en eut compassion et prononça ces paroles : « Arrête et ne frappe plus, car sûrement c'est l'âme d'un ami, que j'ai reconnue en l'entendant crier. »","« Diogène, allons, dis-moi quel destin t'a ravi? - C'est la morsure féroce du Chien, qui m'a ravi chez Hadès. »"
3,3,12,0.8658,"On dit qu'un jour il passait devant un jeune chien qu'on frappait, il en eut compassion et prononça ces paroles : « Arrête et ne frappe plus, car sûrement c'est l'âme d'un ami, que j'ai reconnue en l'entendant crier. »","Tu ne jettes plus, posée sur les feuilles vertes, l'agréable chanson de ton cri perçant ; mais c'est quand tu chantais, stridente cigale, qu'un jeune garçon te tua de sa main tendue."
3,4,14,0.8529,"On dit qu'un jour il passait devant un jeune chien qu'on frappait, il en eut compassion et prononça ces paroles : « Arrête et ne frappe plus, car sûrement c'est l'âme d'un ami, que j'ai reconnue en l'entendant crier. »","Les flots et les vagues houleuses m'ont jeté sur le rivage, moi dauphin, et je fus pour les passants une étrange vision d'infortune. Mais sur la terre il y a place pour la pitié ; car ceux qui m'avaient vu m'ont aussitôt, dans leur piété, honoré d'un tombeau. C'est celle qui m'a enfanté, la mer, qui m'a fait périr. Quelle confiance avoir dans l'Océan, qui n'a même pas épargné son propre nourrisson ?"
3,5,9,0.848,"On dit qu'un jour il passait devant un jeune chien qu'on frappait, il en eut compassion et prononça ces paroles : « Arrête et ne frappe plus, car sûrement c'est l'âme d'un ami, que j'ai reconnue en l'entendant crier. »","Moi qui jadis, en renvoyant le sons, répondais souvent aux pâtres, aux bûcherons et aux pêcheurs, moi, la pie, qui souvent jetais mes cris répétés, comme un écho, accents trompeurs d'une voix apte à répondre aux chants, maintenant tombée à terre. Je gis sans langue et sans voix, déchue de mon besoin d'imitation."
4,1,7,0.8756,"Ici aussi l'oiseau sacré reposera son aile rapide, en s' arrêtant sur ce platane plein d'attrait. Il est mort en effet, Poimandros de Mélien, et il ne viendra plus verser sa glu sur ses pipeaux de chasse.","Non, jamais plus, mélodieuse sauterelle, Hélios ne te verra chanter dans la demeure opulente d'Alkis. Déjà en effet tu as pris ton vol vers les prairies de Clyménos et les fleurs humides de rosée de la rayonnante Perséphone."
4,2,10,0.8729,"Ici aussi l'oiseau sacré reposera son aile rapide, en s' arrêtant sur ce platane plein d'attrait. Il est mort en effet, Poimandros de Mélien, et il ne viendra plus verser sa glu sur ses pipeaux de chasse.","Jamais plus de tes ailes bruissantes tu ne chanteras, sauterelle, posée le long des sillons fertiles ; jamais plus, étendu à l'ombre des rameaux, je ne serai charmé du chant mélodieux rythmé par tes blondes ailes."
4,3,13,0.8555,"Ici aussi l'oiseau sacré reposera son aile rapide, en s' arrêtant sur ce platane plein d'attrait. Il est mort en effet, Poimandros de Mélien, et il ne viendra plus verser sa glu sur ses pipeaux de chasse.","Tu ne vas plus t'élancer à travers les profondeurs bouillonnantes de la mer, ô dauphin, et effrayer les troupeaux marins ni danser au chant de la flûte percée de trous, en faisant jaillir l'eau autour des barques ni, tout écumant, prendre sur ton dos comme autrefois les Néréides, pour les porter jusqu'aux bornes de l'empire de Téthys. Car une vague, pareille au promontoire Malée, s'est soulevée et t'a jeté sur les sables et les cailloux du rivage."
4,4,9,0.8449,"Ici aussi l'oiseau sacré reposera son aile rapide, en s' arrêtant sur ce platane plein d'attrait. Il est mort en effet, Poimandros de Mélien, et il ne viendra plus verser sa glu sur ses pipeaux de chasse.","Moi qui jadis, en renvoyant le sons, répondais souvent aux pâtres, aux bûcherons et aux pêcheurs, moi, la pie, qui souvent jetais mes cris répétés, comme un écho, accents trompeurs d'une voix apte à répondre aux chants, maintenant tombée à terre. Je gis sans langue et sans voix, déchue de mon besoin d'imitation."
4,5,11,0.841,"Ici aussi l'oiseau sacré reposera son aile rapide, en s' arrêtant sur ce platane plein d'attrait. Il est mort en effet, Poimandros de Mélien, et il ne viendra plus verser sa glu sur ses pipeaux de chasse.","Sauterelle, toi qui trompes mes regrets et apaises mon sommeil, sauterelle, muse agreste au vol mélodieux, imitation naturelle de la lyre, dis-moi quelque chant aimé en frappant de tes pattes tes ailes sonores, afin de m'arracher au souci de mes peines qui m'enlèvent le sommeil, cigale, toi qui sais les chants qui trompent l'amour. A ton réveil je te donnerai comme récompense du poireau toujours vert et des plantes humides de rosée, que tu diviseras de tes lèvres."
5,1,14,0.8844,"Moi, Alcimènés, jadis j'écartais l'etourneau et la voleuse de semences, la grue de Bistonie au vol élevé, en tendant les bras agiles de ma fronde, et je repoussais au loin la nuée des oiseaux. Mais en me piquant près de la cheville, une vipère dipsas a versé dans ma chair le venin amer de ses mâchoires, me privant de la vue du soleil. Voilà comment en regardant ce qui ce passait en l'air, je n'ai pas vu le mal qui rampait à mes pieds.","Les flots et les vagues houleuses m'ont jeté sur le rivage, moi dauphin, et je fus pour les passants une étrange vision d'infortune. Mais sur la terre il y a place pour la pitié ; car ceux qui m'avaient vu m'ont aussitôt, dans leur piété, honoré d'un tombeau. C'est celle qui m'a enfanté, la mer, qui m'a fait périr. Quelle confiance avoir dans l'Océan, qui n'a même pas épargné son propre nourrisson ?"
5,2,11,0.8786,"Moi, Alcimènés, jadis j'écartais l'etourneau et la voleuse de semences, la grue de Bistonie au vol élevé, en tendant les bras agiles de ma fronde, et je repoussais au loin la nuée des oiseaux. Mais en me piquant près de la cheville, une vipère dipsas a versé dans ma chair le venin amer de ses mâchoires, me privant de la vue du soleil. Voilà comment en regardant ce qui ce passait en l'air, je n'ai pas vu le mal qui rampait à mes pieds.","Sauterelle, toi qui trompes mes regrets et apaises mon sommeil, sauterelle, muse agreste au vol mélodieux, imitation naturelle de la lyre, dis-moi quelque chant aimé en frappant de tes pattes tes ailes sonores, afin de m'arracher au souci de mes peines qui m'enlèvent le sommeil, cigale, toi qui sais les chants qui trompent l'amour. A ton réveil je te donnerai comme récompense du poireau toujours vert et des plantes humides de rosée, que tu diviseras de tes lèvres."
5,3,9,0.8771,"Moi, Alcimènés, jadis j'écartais l'etourneau et la voleuse de semences, la grue de Bistonie au vol élevé, en tendant les bras agiles de ma fronde, et je repoussais au loin la nuée des oiseaux. Mais en me piquant près de la cheville, une vipère dipsas a versé dans ma chair le venin amer de ses mâchoires, me privant de la vue du soleil. Voilà comment en regardant ce qui ce passait en l'air, je n'ai pas vu le mal qui rampait à mes pieds.","Moi qui jadis, en renvoyant le sons, répondais souvent aux pâtres, aux bûcherons et aux pêcheurs, moi, la pie, qui souvent jetais mes cris répétés, comme un écho, accents trompeurs d'une voix apte à répondre aux chants, maintenant tombée à terre. Je gis sans langue et sans voix, déchue de mon besoin d'imitation."
5,4,10,0.8733,"Moi, Alcimènés, jadis j'écartais l'etourneau et la voleuse de semences, la grue de Bistonie au vol élevé, en tendant les bras agiles de ma fronde, et je repoussais au loin la nuée des oiseaux. Mais en me piquant près de la cheville, une vipère dipsas a versé dans ma chair le venin amer de ses mâchoires, me privant de la vue du soleil. Voilà comment en regardant ce qui ce passait en l'air, je n'ai pas vu le mal qui rampait à mes pieds.","Jamais plus de tes ailes bruissantes tu ne chanteras, sauterelle, posée le long des sillons fertiles ; jamais plus, étendu à l'ombre des rameaux, je ne serai charmé du chant mélodieux rythmé par tes blondes ailes."
5,5,13,0.8726,"Moi, Alcimènés, jadis j'écartais l'etourneau et la voleuse de semences, la grue de Bistonie au vol élevé, en tendant les bras agiles de ma fronde, et je repoussais au loin la nuée des oiseaux. Mais en me piquant près de la cheville, une vipère dipsas a versé dans ma chair le venin amer de ses mâchoires, me privant de la vue du soleil. Voilà comment en regardant ce qui ce passait en l'air, je n'ai pas vu le mal qui rampait à mes pieds.","Tu ne vas plus t'élancer à travers les profondeurs bouillonnantes de la mer, ô dauphin, et effrayer les troupeaux marins ni danser au chant de la flûte percée de trous, en faisant jaillir l'eau autour des barques ni, tout écumant, prendre sur ton dos comme autrefois les Néréides, pour les porter jusqu'aux bornes de l'empire de Téthys. Car une vague, pareille au promontoire Malée, s'est soulevée et t'a jeté sur les sables et les cailloux du rivage."
6,1,14,0.8418,"D'elles-mêmes, le soir, les vaches sont revenues de la montagne à l'étable, couvertes d'une neige abondante et, hélas, au pied d'une chêne, Thérimachos dort du sommeil éternel : c'est le feu du ciel qui l'y a plongé.","Les flots et les vagues houleuses m'ont jeté sur le rivage, moi dauphin, et je fus pour les passants une étrange vision d'infortune. Mais sur la terre il y a place pour la pitié ; car ceux qui m'avaient vu m'ont aussitôt, dans leur piété, honoré d'un tombeau. C'est celle qui m'a enfanté, la mer, qui m'a fait périr. Quelle confiance avoir dans l'Océan, qui n'a même pas épargné son propre nourrisson ?"
6,2,13,0.8416,"D'elles-mêmes, le soir, les vaches sont revenues de la montagne à l'étable, couvertes d'une neige abondante et, hélas, au pied d'une chêne, Thérimachos dort du sommeil éternel : c'est le feu du ciel qui l'y a plongé.","Tu ne vas plus t'élancer à travers les profondeurs bouillonnantes de la mer, ô dauphin, et effrayer les troupeaux marins ni danser au chant de la flûte percée de trous, en faisant jaillir l'eau autour des barques ni, tout écumant, prendre sur ton dos comme autrefois les Néréides, pour les porter jusqu'aux bornes de l'empire de Téthys. Car une vague, pareille au promontoire Malée, s'est soulevée et t'a jeté sur les sables et les cailloux du rivage."
6,3,12,0.839,"D'elles-mêmes, le soir, les vaches sont revenues de la montagne à l'étable, couvertes d'une neige abondante et, hélas, au pied d'une chêne, Thérimachos dort du sommeil éternel : c'est le feu du ciel qui l'y a plongé.","Tu ne jettes plus, posée sur les feuilles vertes, l'agréable chanson de ton cri perçant ; mais c'est quand tu chantais, stridente cigale, qu'un jeune garçon te tua de sa main tendue."
6,4,3,0.839,"D'elles-mêmes, le soir, les vaches sont revenues de la montagne à l'étable, couvertes d'une neige abondante et, hélas, au pied d'une chêne, Thérimachos dort du sommeil éternel : c'est le feu du ciel qui l'y a plongé.","On dit qu'un jour il passait devant un jeune chien qu'on frappait, il en eut compassion et prononça ces paroles : « Arrête et ne frappe plus, car sûrement c'est l'âme d'un ami, que j'ai reconnue en l'entendant crier. »"
6,5,8,0.8357,"D'elles-mêmes, le soir, les vaches sont revenues de la montagne à l'étable, couvertes d'une neige abondante et, hélas, au pied d'une chêne, Thérimachos dort du sommeil éternel : c'est le feu du ciel qui l'y a plongé.","A la sauterelle, rossignol des guérets, à la cigale, hôtesse des hêtres, Myro fit une tombe commune ; elle répandit, la jeune fille, une larme virginale : c'est que l'impitoyable Hadès s'en allait en emportant le double objet de ses jeux."
7,1,10,0.906,"Non, jamais plus, mélodieuse sauterelle, Hélios ne te verra chanter dans la demeure opulente d'Alkis. Déjà en effet tu as pris ton vol vers les prairies de Clyménos et les fleurs humides de rosée de la rayonnante Perséphone.","Jamais plus de tes ailes bruissantes tu ne chanteras, sauterelle, posée le long des sillons fertiles ; jamais plus, étendu à l'ombre des rameaux, je ne serai charmé du chant mélodieux rythmé par tes blondes ailes."
7,2,4,0.8756,"Non, jamais plus, mélodieuse sauterelle, Hélios ne te verra chanter dans la demeure opulente d'Alkis. Déjà en effet tu as pris ton vol vers les prairies de Clyménos et les fleurs humides de rosée de la rayonnante Perséphone.","Ici aussi l'oiseau sacré reposera son aile rapide, en s' arrêtant sur ce platane plein d'attrait. Il est mort en effet, Poimandros de Mélien, et il ne viendra plus verser sa glu sur ses pipeaux de chasse."
7,3,13,0.875,"Non, jamais plus, mélodieuse sauterelle, Hélios ne te verra chanter dans la demeure opulente d'Alkis. Déjà en effet tu as pris ton vol vers les prairies de Clyménos et les fleurs humides de rosée de la rayonnante Perséphone.","Tu ne vas plus t'élancer à travers les profondeurs bouillonnantes de la mer, ô dauphin, et effrayer les troupeaux marins ni danser au chant de la flûte percée de trous, en faisant jaillir l'eau autour des barques ni, tout écumant, prendre sur ton dos comme autrefois les Néréides, pour les porter jusqu'aux bornes de l'empire de Téthys. Car une vague, pareille au promontoire Malée, s'est soulevée et t'a jeté sur les sables et les cailloux du rivage."
7,4,11,0.8637,"Non, jamais plus, mélodieuse sauterelle, Hélios ne te verra chanter dans la demeure opulente d'Alkis. Déjà en effet tu as pris ton vol vers les prairies de Clyménos et les fleurs humides de rosée de la rayonnante Perséphone.","Sauterelle, toi qui trompes mes regrets et apaises mon sommeil, sauterelle, muse agreste au vol mélodieux, imitation naturelle de la lyre, dis-moi quelque chant aimé en frappant de tes pattes tes ailes sonores, afin de m'arracher au souci de mes peines qui m'enlèvent le sommeil, cigale, toi qui sais les chants qui trompent l'amour. A ton réveil je te donnerai comme récompense du poireau toujours vert et des plantes humides de rosée, que tu diviseras de tes lèvres."
7,5,5,0.8556,"Non, jamais plus, mélodieuse sauterelle, Hélios ne te verra chanter dans la demeure opulente d'Alkis. Déjà en effet tu as pris ton vol vers les prairies de Clyménos et les fleurs humides de rosée de la rayonnante Perséphone.","Moi, Alcimènés, jadis j'écartais l'etourneau et la voleuse de semences, la grue de Bistonie au vol élevé, en tendant les bras agiles de ma fronde, et je repoussais au loin la nuée des oiseaux. Mais en me piquant près de la cheville, une vipère dipsas a versé dans ma chair le venin amer de ses mâchoires, me privant de la vue du soleil. Voilà comment en regardant ce qui ce passait en l'air, je n'ai pas vu le mal qui rampait à mes pieds."
8,1,11,0.8727,"A la sauterelle, rossignol des guérets, à la cigale, hôtesse des hêtres, Myro fit une tombe commune ; elle répandit, la jeune fille, une larme virginale : c'est que l'impitoyable Hadès s'en allait en emportant le double objet de ses jeux.","Sauterelle, toi qui trompes mes regrets et apaises mon sommeil, sauterelle, muse agreste au vol mélodieux, imitation naturelle de la lyre, dis-moi quelque chant aimé en frappant de tes pattes tes ailes sonores, afin de m'arracher au souci de mes peines qui m'enlèvent le sommeil, cigale, toi qui sais les chants qui trompent l'amour. A ton réveil je te donnerai comme récompense du poireau toujours vert et des plantes humides de rosée, que tu diviseras de tes lèvres."
8,2,10,0.8548,"A la sauterelle, rossignol des guérets, à la cigale, hôtesse des hêtres, Myro fit une tombe commune ; elle répandit, la jeune fille, une larme virginale : c'est que l'impitoyable Hadès s'en allait en emportant le double objet de ses jeux.","Jamais plus de tes ailes bruissantes tu ne chanteras, sauterelle, posée le long des sillons fertiles ; jamais plus, étendu à l'ombre des rameaux, je ne serai charmé du chant mélodieux rythmé par tes blondes ailes."
8,3,12,0.8482,"A la sauterelle, rossignol des guérets, à la cigale, hôtesse des hêtres, Myro fit une tombe commune ; elle répandit, la jeune fille, une larme virginale : c'est que l'impitoyable Hadès s'en allait en emportant le double objet de ses jeux.","Tu ne jettes plus, posée sur les feuilles vertes, l'agréable chanson de ton cri perçant ; mais c'est quand tu chantais, stridente cigale, qu'un jeune garçon te tua de sa main tendue."
8,4,2,0.8478,"A la sauterelle, rossignol des guérets, à la cigale, hôtesse des hêtres, Myro fit une tombe commune ; elle répandit, la jeune fille, une larme virginale : c'est que l'impitoyable Hadès s'en allait en emportant le double objet de ses jeux.","« Diogène, allons, dis-moi quel destin t'a ravi? - C'est la morsure féroce du Chien, qui m'a ravi chez Hadès. »"
8,5,1,0.8446,"A la sauterelle, rossignol des guérets, à la cigale, hôtesse des hêtres, Myro fit une tombe commune ; elle répandit, la jeune fille, une larme virginale : c'est que l'impitoyable Hadès s'en allait en emportant le double objet de ses jeux.","« Tu as vécu en chien, Antisthène. - C'est que j'étais né pour déchirer le cœur avec des mots et non avec des crocs. - Mais tu es mort en chien que tu étais né, dira sans doute quelqu'un. - Eh quoi ! il fait bien qu'il y en ait pour servir de guide chez Hadès. »"
9,1,5,0.8771,"Moi qui jadis, en renvoyant le sons, répondais souvent aux pâtres, aux bûcherons et aux pêcheurs, moi, la pie, qui souvent jetais mes cris répétés, comme un écho, accents trompeurs d'une voix apte à répondre aux chants, maintenant tombée à terre. Je gis sans langue et sans voix, déchue de mon besoin d'imitation.","Moi, Alcimènés, jadis j'écartais l'etourneau et la voleuse de semences, la grue de Bistonie au vol élevé, en tendant les bras agiles de ma fronde, et je repoussais au loin la nuée des oiseaux. Mais en me piquant près de la cheville, une vipère dipsas a versé dans ma chair le venin amer de ses mâchoires, me privant de la vue du soleil. Voilà comment en regardant ce qui ce passait en l'air, je n'ai pas vu le mal qui rampait à mes pieds."
9,2,10,0.8764,"Moi qui jadis, en renvoyant le sons, répondais souvent aux pâtres, aux bûcherons et aux pêcheurs, moi, la pie, qui souvent jetais mes cris répétés, comme un écho, accents trompeurs d'une voix apte à répondre aux chants, maintenant tombée à terre. Je gis sans langue et sans voix, déchue de mon besoin d'imitation.","Jamais plus de tes ailes bruissantes tu ne chanteras, sauterelle, posée le long des sillons fertiles ; jamais plus, étendu à l'ombre des rameaux, je ne serai charmé du chant mélodieux rythmé par tes blondes ailes."
9,3,13,0.8665,"Moi qui jadis, en renvoyant le sons, répondais souvent aux pâtres, aux bûcherons et aux pêcheurs, moi, la pie, qui souvent jetais mes cris répétés, comme un écho, accents trompeurs d'une voix apte à répondre aux chants, maintenant tombée à terre. Je gis sans langue et sans voix, déchue de mon besoin d'imitation.","Tu ne vas plus t'élancer à travers les profondeurs bouillonnantes de la mer, ô dauphin, et effrayer les troupeaux marins ni danser au chant de la flûte percée de trous, en faisant jaillir l'eau autour des barques ni, tout écumant, prendre sur ton dos comme autrefois les Néréides, pour les porter jusqu'aux bornes de l'empire de Téthys. Car une vague, pareille au promontoire Malée, s'est soulevée et t'a jeté sur les sables et les cailloux du rivage."
9,4,12,0.8664,"Moi qui jadis, en renvoyant le sons, répondais souvent aux pâtres, aux bûcherons et aux pêcheurs, moi, la pie, qui souvent jetais mes cris répétés, comme un écho, accents trompeurs d'une voix apte à répondre aux chants, maintenant tombée à terre. Je gis sans langue et sans voix, déchue de mon besoin d'imitation.","Tu ne jettes plus, posée sur les feuilles vertes, l'agréable chanson de ton cri perçant ; mais c'est quand tu chantais, stridente cigale, qu'un jeune garçon te tua de sa main tendue."
9,5,14,0.8664,"Moi qui jadis, en renvoyant le sons, répondais souvent aux pâtres, aux bûcherons et aux pêcheurs, moi, la pie, qui souvent jetais mes cris répétés, comme un écho, accents trompeurs d'une voix apte à répondre aux chants, maintenant tombée à terre. Je gis sans langue et sans voix, déchue de mon besoin d'imitation.","Les flots et les vagues houleuses m'ont jeté sur le rivage, moi dauphin, et je fus pour les passants une étrange vision d'infortune. Mais sur la terre il y a place pour la pitié ; car ceux qui m'avaient vu m'ont aussitôt, dans leur piété, honoré d'un tombeau. C'est celle qui m'a enfanté, la mer, qui m'a fait périr. Quelle confiance avoir dans l'Océan, qui n'a même pas épargné son propre nourrisson ?"
10,1,7,0.906,"Jamais plus de tes ailes bruissantes tu ne chanteras, sauterelle, posée le long des sillons fertiles ; jamais plus, étendu à l'ombre des rameaux, je ne serai charmé du chant mélodieux rythmé par tes blondes ailes.","Non, jamais plus, mélodieuse sauterelle, Hélios ne te verra chanter dans la demeure opulente d'Alkis. Déjà en effet tu as pris ton vol vers les prairies de Clyménos et les fleurs humides de rosée de la rayonnante Perséphone."
10,2,11,0.9056,"Jamais plus de tes ailes bruissantes tu ne chanteras, sauterelle, posée le long des sillons fertiles ; jamais plus, étendu à l'ombre des rameaux, je ne serai charmé du chant mélodieux rythmé par tes blondes ailes.","Sauterelle, toi qui trompes mes regrets et apaises mon sommeil, sauterelle, muse agreste au vol mélodieux, imitation naturelle de la lyre, dis-moi quelque chant aimé en frappant de tes pattes tes ailes sonores, afin de m'arracher au souci de mes peines qui m'enlèvent le sommeil, cigale, toi qui sais les chants qui trompent l'amour. A ton réveil je te donnerai comme récompense du poireau toujours vert et des plantes humides de rosée, que tu diviseras de tes lèvres."
10,3,12,0.8991,"Jamais plus de tes ailes bruissantes tu ne chanteras, sauterelle, posée le long des sillons fertiles ; jamais plus, étendu à l'ombre des rameaux, je ne serai charmé du chant mélodieux rythmé par tes blondes ailes.","Tu ne jettes plus, posée sur les feuilles vertes, l'agréable chanson de ton cri perçant ; mais c'est quand tu chantais, stridente cigale, qu'un jeune garçon te tua de sa main tendue."
10,4,13,0.8842,"Jamais plus de tes ailes bruissantes tu ne chanteras, sauterelle, posée le long des sillons fertiles ; jamais plus, étendu à l'ombre des rameaux, je ne serai charmé du chant mélodieux rythmé par tes blondes ailes.","Tu ne vas plus t'élancer à travers les profondeurs bouillonnantes de la mer, ô dauphin, et effrayer les troupeaux marins ni danser au chant de la flûte percée de trous, en faisant jaillir l'eau autour des barques ni, tout écumant, prendre sur ton dos comme autrefois les Néréides, pour les porter jusqu'aux bornes de l'empire de Téthys. Car une vague, pareille au promontoire Malée, s'est soulevée et t'a jeté sur les sables et les cailloux du rivage."
10,5,9,0.8764,"Jamais plus de tes ailes bruissantes tu ne chanteras, sauterelle, posée le long des sillons fertiles ; jamais plus, étendu à l'ombre des rameaux, je ne serai charmé du chant mélodieux rythmé par tes blondes ailes.","Moi qui jadis, en renvoyant le sons, répondais souvent aux pâtres, aux bûcherons et aux pêcheurs, moi, la pie, qui souvent jetais mes cris répétés, comme un écho, accents trompeurs d'une voix apte à répondre aux chants, maintenant tombée à terre. Je gis sans langue et sans voix, déchue de mon besoin d'imitation."
11,1,10,0.9056,"Sauterelle, toi qui trompes mes regrets et apaises mon sommeil, sauterelle, muse agreste au vol mélodieux, imitation naturelle de la lyre, dis-moi quelque chant aimé en frappant de tes pattes tes ailes sonores, afin de m'arracher au souci de mes peines qui m'enlèvent le sommeil, cigale, toi qui sais les chants qui trompent l'amour. A ton réveil je te donnerai comme récompense du poireau toujours vert et des plantes humides de rosée, que tu diviseras de tes lèvres.","Jamais plus de tes ailes bruissantes tu ne chanteras, sauterelle, posée le long des sillons fertiles ; jamais plus, étendu à l'ombre des rameaux, je ne serai charmé du chant mélodieux rythmé par tes blondes ailes."
11,2,5,0.8786,"Sauterelle, toi qui trompes mes regrets et apaises mon sommeil, sauterelle, muse agreste au vol mélodieux, imitation naturelle de la lyre, dis-moi quelque chant aimé en frappant de tes pattes tes ailes sonores, afin de m'arracher au souci de mes peines qui m'enlèvent le sommeil, cigale, toi qui sais les chants qui trompent l'amour. A ton réveil je te donnerai comme récompense du poireau toujours vert et des plantes humides de rosée, que tu diviseras de tes lèvres.","Moi, Alcimènés, jadis j'écartais l'etourneau et la voleuse de semences, la grue de Bistonie au vol élevé, en tendant les bras agiles de ma fronde, et je repoussais au loin la nuée des oiseaux. Mais en me piquant près de la cheville, une vipère dipsas a versé dans ma chair le venin amer de ses mâchoires, me privant de la vue du soleil. Voilà comment en regardant ce qui ce passait en l'air, je n'ai pas vu le mal qui rampait à mes pieds."
11,3,8,0.8727,"Sauterelle, toi qui trompes mes regrets et apaises mon sommeil, sauterelle, muse agreste au vol mélodieux, imitation naturelle de la lyre, dis-moi quelque chant aimé en frappant de tes pattes tes ailes sonores, afin de m'arracher au souci de mes peines qui m'enlèvent le sommeil, cigale, toi qui sais les chants qui trompent l'amour. A ton réveil je te donnerai comme récompense du poireau toujours vert et des plantes humides de rosée, que tu diviseras de tes lèvres.","A la sauterelle, rossignol des guérets, à la cigale, hôtesse des hêtres, Myro fit une tombe commune ; elle répandit, la jeune fille, une larme virginale : c'est que l'impitoyable Hadès s'en allait en emportant le double objet de ses jeux."
11,4,12,0.8685,"Sauterelle, toi qui trompes mes regrets et apaises mon sommeil, sauterelle, muse agreste au vol mélodieux, imitation naturelle de la lyre, dis-moi quelque chant aimé en frappant de tes pattes tes ailes sonores, afin de m'arracher au souci de mes peines qui m'enlèvent le sommeil, cigale, toi qui sais les chants qui trompent l'amour. A ton réveil je te donnerai comme récompense du poireau toujours vert et des plantes humides de rosée, que tu diviseras de tes lèvres.","Tu ne jettes plus, posée sur les feuilles vertes, l'agréable chanson de ton cri perçant ; mais c'est quand tu chantais, stridente cigale, qu'un jeune garçon te tua de sa main tendue."
11,5,7,0.8637,"Sauterelle, toi qui trompes mes regrets et apaises mon sommeil, sauterelle, muse agreste au vol mélodieux, imitation naturelle de la lyre, dis-moi quelque chant aimé en frappant de tes pattes tes ailes sonores, afin de m'arracher au souci de mes peines qui m'enlèvent le sommeil, cigale, toi qui sais les chants qui trompent l'amour. A ton réveil je te donnerai comme récompense du poireau toujours vert et des plantes humides de rosée, que tu diviseras de tes lèvres.","Non, jamais plus, mélodieuse sauterelle, Hélios ne te verra chanter dans la demeure opulente d'Alkis. Déjà en effet tu as pris ton vol vers les prairies de Clyménos et les fleurs humides de rosée de la rayonnante Perséphone."
12,1,10,0.8991,"Tu ne jettes plus, posée sur les feuilles vertes, l'agréable chanson de ton cri perçant ; mais c'est quand tu chantais, stridente cigale, qu'un jeune garçon te tua de sa main tendue.","Jamais plus de tes ailes bruissantes tu ne chanteras, sauterelle, posée le long des sillons fertiles ; jamais plus, étendu à l'ombre des rameaux, je ne serai charmé du chant mélodieux rythmé par tes blondes ailes."
12,2,13,0.8737,"Tu ne jettes plus, posée sur les feuilles vertes, l'agréable chanson de ton cri perçant ; mais c'est quand tu chantais, stridente cigale, qu'un jeune garçon te tua de sa main tendue.","Tu ne vas plus t'élancer à travers les profondeurs bouillonnantes de la mer, ô dauphin, et effrayer les troupeaux marins ni danser au chant de la flûte percée de trous, en faisant jaillir l'eau autour des barques ni, tout écumant, prendre sur ton dos comme autrefois les Néréides, pour les porter jusqu'aux bornes de l'empire de Téthys. Car une vague, pareille au promontoire Malée, s'est soulevée et t'a jeté sur les sables et les cailloux du rivage."
12,3,11,0.8685,"Tu ne jettes plus, posée sur les feuilles vertes, l'agréable chanson de ton cri perçant ; mais c'est quand tu chantais, stridente cigale, qu'un jeune garçon te tua de sa main tendue.","Sauterelle, toi qui trompes mes regrets et apaises mon sommeil, sauterelle, muse agreste au vol mélodieux, imitation naturelle de la lyre, dis-moi quelque chant aimé en frappant de tes pattes tes ailes sonores, afin de m'arracher au souci de mes peines qui m'enlèvent le sommeil, cigale, toi qui sais les chants qui trompent l'amour. A ton réveil je te donnerai comme récompense du poireau toujours vert et des plantes humides de rosée, que tu diviseras de tes lèvres."
12,4,9,0.8664,"Tu ne jettes plus, posée sur les feuilles vertes, l'agréable chanson de ton cri perçant ; mais c'est quand tu chantais, stridente cigale, qu'un jeune garçon te tua de sa main tendue.","Moi qui jadis, en renvoyant le sons, répondais souvent aux pâtres, aux bûcherons et aux pêcheurs, moi, la pie, qui souvent jetais mes cris répétés, comme un écho, accents trompeurs d'une voix apte à répondre aux chants, maintenant tombée à terre. Je gis sans langue et sans voix, déchue de mon besoin d'imitation."
12,5,3,0.8658,"Tu ne jettes plus, posée sur les feuilles vertes, l'agréable chanson de ton cri perçant ; mais c'est quand tu chantais, stridente cigale, qu'un jeune garçon te tua de sa main tendue.","On dit qu'un jour il passait devant un jeune chien qu'on frappait, il en eut compassion et prononça ces paroles : « Arrête et ne frappe plus, car sûrement c'est l'âme d'un ami, que j'ai reconnue en l'entendant crier. »"
13,1,14,0.9142,"Tu ne vas plus t'élancer à travers les profondeurs bouillonnantes de la mer, ô dauphin, et effrayer les troupeaux marins ni danser au chant de la flûte percée de trous, en faisant jaillir l'eau autour des barques ni, tout écumant, prendre sur ton dos comme autrefois les Néréides, pour les porter jusqu'aux bornes de l'empire de Téthys. Car une vague, pareille au promontoire Malée, s'est soulevée et t'a jeté sur les sables et les cailloux du rivage.","Les flots et les vagues houleuses m'ont jeté sur le rivage, moi dauphin, et je fus pour les passants une étrange vision d'infortune. Mais sur la terre il y a place pour la pitié ; car ceux qui m'avaient vu m'ont aussitôt, dans leur piété, honoré d'un tombeau. C'est celle qui m'a enfanté, la mer, qui m'a fait périr. Quelle confiance avoir dans l'Océan, qui n'a même pas épargné son propre nourrisson ?"
13,2,10,0.8842,"Tu ne vas plus t'élancer à travers les profondeurs bouillonnantes de la mer, ô dauphin, et effrayer les troupeaux marins ni danser au chant de la flûte percée de trous, en faisant jaillir l'eau autour des barques ni, tout écumant, prendre sur ton dos comme autrefois les Néréides, pour les porter jusqu'aux bornes de l'empire de Téthys. Car une vague, pareille au promontoire Malée, s'est soulevée et t'a jeté sur les sables et les cailloux du rivage.","Jamais plus de tes ailes bruissantes tu ne chanteras, sauterelle, posée le long des sillons fertiles ; jamais plus, étendu à l'ombre des rameaux, je ne serai charmé du chant mélodieux rythmé par tes blondes ailes."
13,3,7,0.875,"Tu ne vas plus t'élancer à travers les profondeurs bouillonnantes de la mer, ô dauphin, et effrayer les troupeaux marins ni danser au chant de la flûte percée de trous, en faisant jaillir l'eau autour des barques ni, tout écumant, prendre sur ton dos comme autrefois les Néréides, pour les porter jusqu'aux bornes de l'empire de Téthys. Car une vague, pareille au promontoire Malée, s'est soulevée et t'a jeté sur les sables et les cailloux du rivage.","Non, jamais plus, mélodieuse sauterelle, Hélios ne te verra chanter dans la demeure opulente d'Alkis. Déjà en effet tu as pris ton vol vers les prairies de Clyménos et les fleurs humides de rosée de la rayonnante Perséphone."
13,4,12,0.8737,"Tu ne vas plus t'élancer à travers les profondeurs bouillonnantes de la mer, ô dauphin, et effrayer les troupeaux marins ni danser au chant de la flûte percée de trous, en faisant jaillir l'eau autour des barques ni, tout écumant, prendre sur ton dos comme autrefois les Néréides, pour les porter jusqu'aux bornes de l'empire de Téthys. Car une vague, pareille au promontoire Malée, s'est soulevée et t'a jeté sur les sables et les cailloux du rivage.","Tu ne jettes plus, posée sur les feuilles vertes, l'agréable chanson de ton cri perçant ; mais c'est quand tu chantais, stridente cigale, qu'un jeune garçon te tua de sa main tendue."
13,5,5,0.8726,"Tu ne vas plus t'élancer à travers les profondeurs bouillonnantes de la mer, ô dauphin, et effrayer les troupeaux marins ni danser au chant de la flûte percée de trous, en faisant jaillir l'eau autour des barques ni, tout écumant, prendre sur ton dos comme autrefois les Néréides, pour les porter jusqu'aux bornes de l'empire de Téthys. Car une vague, pareille au promontoire Malée, s'est soulevée et t'a jeté sur les sables et les cailloux du rivage.","Moi, Alcimènés, jadis j'écartais l'etourneau et la voleuse de semences, la grue de Bistonie au vol élevé, en tendant les bras agiles de ma fronde, et je repoussais au loin la nuée des oiseaux. Mais en me piquant près de la cheville, une vipère dipsas a versé dans ma chair le venin amer de ses mâchoires, me privant de la vue du soleil. Voilà comment en regardant ce qui ce passait en l'air, je n'ai pas vu le mal qui rampait à mes pieds."
14,1,13,0.9142,"Les flots et les vagues houleuses m'ont jeté sur le rivage, moi dauphin, et je fus pour les passants une étrange vision d'infortune. Mais sur la terre il y a place pour la pitié ; car ceux qui m'avaient vu m'ont aussitôt, dans leur piété, honoré d'un tombeau. C'est celle qui m'a enfanté, la mer, qui m'a fait périr. Quelle confiance avoir dans l'Océan, qui n'a même pas épargné son propre nourrisson ?","Tu ne vas plus t'élancer à travers les profondeurs bouillonnantes de la mer, ô dauphin, et effrayer les troupeaux marins ni danser au chant de la flûte percée de trous, en faisant jaillir l'eau autour des barques ni, tout écumant, prendre sur ton dos comme autrefois les Néréides, pour les porter jusqu'aux bornes de l'empire de Téthys. Car une vague, pareille au promontoire Malée, s'est soulevée et t'a jeté sur les sables et les cailloux du rivage."
14,2,5,0.8844,"Les flots et les vagues houleuses m'ont jeté sur le rivage, moi dauphin, et je fus pour les passants une étrange vision d'infortune. Mais sur la terre il y a place pour la pitié ; car ceux qui m'avaient vu m'ont aussitôt, dans leur piété, honoré d'un tombeau. C'est celle qui m'a enfanté, la mer, qui m'a fait périr. Quelle confiance avoir dans l'Océan, qui n'a même pas épargné son propre nourrisson ?","Moi, Alcimènés, jadis j'écartais l'etourneau et la voleuse de semences, la grue de Bistonie au vol élevé, en tendant les bras agiles de ma fronde, et je repoussais au loin la nuée des oiseaux. Mais en me piquant près de la cheville, une vipère dipsas a versé dans ma chair le venin amer de ses mâchoires, me privant de la vue du soleil. Voilà comment en regardant ce qui ce passait en l'air, je n'ai pas vu le mal qui rampait à mes pieds."
14,3,1,0.8737,"Les flots et les vagues houleuses m'ont jeté sur le rivage, moi dauphin, et je fus pour les passants une étrange vision d'infortune. Mais sur la terre il y a place pour la pitié ; car ceux qui m'avaient vu m'ont aussitôt, dans leur piété, honoré d'un tombeau. C'est celle qui m'a enfanté, la mer, qui m'a fait périr. Quelle confiance avoir dans l'Océan, qui n'a même pas épargné son propre nourrisson ?","« Tu as vécu en chien, Antisthène. - C'est que j'étais né pour déchirer le cœur avec des mots et non avec des crocs. - Mais tu es mort en chien que tu étais né, dira sans doute quelqu'un. - Eh quoi ! il fait bien qu'il y en ait pour servir de guide chez Hadès. »"
14,4,9,0.8664,"Les flots et les vagues houleuses m'ont jeté sur le rivage, moi dauphin, et je fus pour les passants une étrange vision d'infortune. Mais sur la terre il y a place pour la pitié ; car ceux qui m'avaient vu m'ont aussitôt, dans leur piété, honoré d'un tombeau. C'est celle qui m'a enfanté, la mer, qui m'a fait périr. Quelle confiance avoir dans l'Océan, qui n'a même pas épargné son propre nourrisson ?","Moi qui jadis, en renvoyant le sons, répondais souvent aux pâtres, aux bûcherons et aux pêcheurs, moi, la pie, qui souvent jetais mes cris répétés, comme un écho, accents trompeurs d'une voix apte à répondre aux chants, maintenant tombée à terre. Je gis sans langue et sans voix, déchue de mon besoin d'imitation."
14,5,2,0.8655,"Les flots et les vagues houleuses m'ont jeté sur le rivage, moi dauphin, et je fus pour les passants une étrange vision d'infortune. Mais sur la terre il y a place pour la pitié ; car ceux qui m'avaient vu m'ont aussitôt, dans leur piété, honoré d'un tombeau. C'est celle qui m'a enfanté, la mer, qui m'a fait périr. Quelle confiance avoir dans l'Océan, qui n'a même pas épargné son propre nourrisson ?","« Diogène, allons, dis-moi quel destin t'a ravi? - C'est la morsure féroce du Chien, qui m'a ravi chez Hadès. »"
